========================================Key,Summary,Description,Type,Epic Link,Epic Name,Feature Link,Feature Name,Parent,Status,Resolution,Priority,Labels,Assignee,Sprint,Story Points,Time Estimate (h),Time Spent (h),Created,Updated,Due Date,Severity,Environment,Steps to Reproduce,Affected Version,Acceptance Criteria,Related Stories
PROD-1,User Authentication System,Implement a comprehensive authentication system for user registration, login, and account management.,Epic,,,FEAT-1,User Authentication,FEAT-2,Social Login,FEAT-3,Password Management,,Done,,High,"authentication,security,backend",john.doe@company.com,,,,2026-01-01,2026-01-15,2026-01-31,,,,,
PROD-2,Product Catalog Redesign,Redesign the product catalog with improved filtering, sorting, and search capabilities.,Epic,,,FEAT-4,Category Browsing,FEAT-5,Product Filtering,FEAT-6,Product Search,FEAT-7,Order History,FEAT-8,Wishlist,,In Progress,,High,"catalog,frontend,ui,ux",mike.wilson@company.com,,,,2026-02-01,2026-02-15,2026-03-15,,,,,
PROD-3,Payment Gateway Integration,Integrate multiple payment gateways (Stripe, PayPal, credit cards) with fraud detection.,Epic,,,FEAT-9,Stripe Integration,FEAT-10,PayPal Integration,FEAT-11,Payment Methods,FEAT-12,Fraud Detection,,To Do,,Medium,"payment,integration,backend",sarah.johnson@company.com,,,,2026-03-01,2026-03-15,2026-04-30,,,,,
PROD-4,Mobile App Performance,Optimize mobile app performance for iOS and Android platforms.,Epic,,,FEAT-13,Startup Optimization,FEAT-14,Offline Support,FEAT-15,Memory Management,FEAT-16,Battery Optimization,,Backlog,,Low,"mobile,performance,frontend",jane.smith@company.com,,,,2026-05-01,2026-05-15,2026-06-30,,,,,
FEAT-1,User Authentication,Implement email and password based user registration and login.,Feature,PROD-1,User Authentication System,,,,Done,,High,"authentication,security",john.doe@company.com,Sprint 1,,,,2026-01-01,2026-01-10,2026-01-15,,,,,"All user stories in this feature must pass security review; Login must work across all supported browsers",
FEAT-2,Social Login,Implement OAuth 2.0 authentication with Google and other providers.,Feature,PROD-1,User Authentication System,,,,Done,,High,"authentication,oauth,security",jane.smith@company.com,Sprint 1,,,,2026-01-02,2026-01-08,2026-01-10,,,,,"Social login must integrate seamlessly with existing auth system; User profiles must merge correctly",
FEAT-3,Password Management,Implement password reset and account recovery flows.,Feature,PROD-1,User Authentication System,,,,Done,,Medium,"authentication,security",john.doe@company.com,Sprint 2,,,,2026-01-08,2026-01-12,2026-01-15,,,,,"Password reset links must expire after 24 hours; Users must receive confirmation emails",
FEAT-4,Category Browsing,Implement hierarchical category navigation for products.,Feature,PROD-2,Product Catalog Redesign,,,,In Progress,,High,"catalog,frontend,navigation",mike.wilson@company.com,Sprint 3,,,,2026-02-01,2026-02-08,2026-02-20,,,,,"Category hierarchy must support unlimited nesting; Category changes must not break existing URLs",
FEAT-5,Product Filtering,Implement price range, rating, and attribute-based filtering.,Feature,PROD-2,Product Catalog Redesign,,,,To Do,,High,"catalog,filtering,frontend",sarah.johnson@company.com,Sprint 4,,,,2026-02-05,2026-02-06,2026-02-25,,,,,"Filters must work in combination; Filter state must persist across navigation",
FEAT-6,Product Search,Implement full-text search with autocomplete and suggestions.,Feature,PROD-2,Product Catalog Redesign,,,,To Do,,Medium,"catalog,search,frontend",mike.wilson@company.com,Sprint 4,,,,2026-02-05,2026-02-06,2026-02-22,,,,,"Search must return relevant results within 500ms; Search suggestions must update in real-time",
FEAT-7,Order History,Display user's past orders with status, date, and total amount.,Feature,PROD-2,Product Catalog Redesign,,,,Backlog,,Low,"orders,frontend,ui",sarah.johnson@company.com,,3,2,0,2026-02-10,2026-02-10,2026-03-01,,,,,"Order history must be accessible from user profile; Orders must be filterable by date range",
FEAT-8,Wishlist,Implement wishlist functionality for saving products for later.,Feature,PROD-2,Product Catalog Redesign,,,,Backlog,,Low,"wishlist,frontend,ui",jane.smith@company.com,,5,3,0,2026-02-10,2026-02-10,2026-03-05,,,,,"Wishlist must persist across sessions; Wishlist items must be shareable via email",
FEAT-9,Stripe Integration,Implement Stripe payment processing with webhooks for event handling.,Feature,PROD-3,Payment Gateway Integration,,,,To Do,,High,"payment,stripe,backend,integration",sarah.johnson@company.com,Sprint 4,8,10,0,2026-03-01,2026-03-02,2026-03-15,,,,,"Stripe payments must be PCI compliant; Webhooks must handle all payment events",
FEAT-10,PayPal Integration,Implement PayPal payment processing with IPN for notifications.,Feature,PROD-3,Payment Gateway Integration,,,,To Do,,High,"payment,paypal,backend,integration",sarah.johnson@company.com,Sprint 4,5,6,0,2026-03-01,2026-03-03,2026-03-20,,,,,"PayPal integration must support both redirect and embedded flows; IPN must update transaction status",
FEAT-11,Payment Methods,Allow users to store and manage multiple payment methods.,Feature,PROD-3,Payment Gateway Integration,,,,To Do,,Medium,"payment,frontend,backend",john.doe@company.com,Sprint 5,5,4,0,2026-03-05,2026-03-06,2026-03-25,,,,,"Payment methods must be securely stored using tokenization; Users must be able to set a default payment method",
FEAT-12,Fraud Detection,Add fraud detection rules and monitoring.,Feature,PROD-3,Payment Gateway Integration,,,,Backlog,,Medium,"payment,security,backend",jane.smith@company.com,,13,8,0,2026-03-10,2026-03-10,2026-04-10,,,,,"Fraud detection must flag suspicious transactions; Manual review queue must be implemented",
FEAT-13,Startup Optimization,Reduce app startup time from 3.2s to under 1.5s.,Feature,PROD-4,Mobile App Performance,,,,To Do,,High,"mobile,performance,frontend",jane.smith@company.com,Sprint 5,8,12,0,2026-05-01,2026-05-02,2026-05-20,,,,,"Startup time must be under 1.5s on mid-range devices; Performance must be measured and monitored",
FEAT-14,Offline Support,Implement offline-first architecture with data caching.,Feature,PROD-4,Mobile App Performance,,,,To Do,,High,"mobile,performance,offline",john.doe@company.com,Sprint 5,13,15,0,2026-05-01,2026-05-03,2026-05-25,,,,,"App must work offline with cached data; Changes must sync automatically when network reconnects",
FEAT-15,Memory Management,Optimize memory consumption to prevent crashes on low-memory devices.,Feature,PROD-4,Mobile App Performance,,,,Backlog,,Medium,"mobile,performance,backend",mike.wilson@company.com,,5,6,0,2026-05-05,2026-05-05,2026-05-30,,,,,"Memory usage must stay below 200MB; Memory leaks must be eliminated",
FEAT-16,Battery Optimization,Reduce battery consumption during app usage.,Feature,PROD-4,Mobile App Performance,,,,Backlog,,Low,"mobile,performance",sarah.johnson@company.com,,3,3,0,2026-05-05,2026-05-05,2026-06-01,,,,,"Battery usage must be comparable to similar apps; Background tasks must be optimized",
PROD-5,As a user, I want to register with email so I can create an account,User can register using email and password with validation.,User Story,PROD-1,User Authentication System,FEAT-1,User Authentication,,Done,,High,"authentication,frontend,registration",john.doe@company.com,Sprint 1,5,4,4,2026-01-02,2026-01-05,2026-01-10,,,,,"1. Registration form with email, password, confirm password; 2. Email validation (format, uniqueness); 3. Password strength requirements (8+ chars, special char); 4. Welcome email sent after registration; 5. Registration must trigger onboarding flow",PROD-6,PROD-7
PROD-6,As a user, I want to log in with Google OAuth so I can access quickly,Implement Google OAuth 2.0 authentication flow.,User Story,PROD-1,User Authentication System,FEAT-2,Social Login,,Done,,High,"authentication,security,oauth",jane.smith@company.com,Sprint 1,3,3,3,2026-01-02,2026-01-04,2026-01-08,,,,,"1. Google Sign-In button on login page; 2. Redirect to Google authentication; 3. Create or link user account on successful auth; 4. Error handling for denied permissions; 5. Social login must work with existing accounts",PROD-5,PROD-7
PROD-7,As a user, I want to reset my password so I can regain access,Implement password reset functionality with email verification.,User Story,PROD-1,User Authentication System,FEAT-3,Password Management,,Done,,Medium,"authentication,security",john.doe@company.com,Sprint 2,8,6,6,2026-01-08,2026-01-12,2026-01-15,,,,,"1. Forgot password link on login page; 2. Email input form with validation; 3. Password reset email with secure link (expires in 24h); 4. New password form with strength validation; 5. Confirmation email after reset; 6. Password reset must invalidate all existing sessions",PROD-5
PROD-8,As a shopper, I want to browse products by category so I can find items easily,Implement category-based product browsing with nested categories.,User Story,PROD-2,Product Catalog Redesign,FEAT-4,Category Browsing,,In Progress,,High,"catalog,frontend,ui,filtering",mike.wilson@company.com,Sprint 3,13,8,5,2026-02-01,2026-02-08,2026-02-20,,,,,"1. Category sidebar with expandable hierarchy; 2. Product grid updates when category selected; 3. Breadcrumbs show current category path; 4. URL updates to reflect selected category; 5. Mobile-responsive category navigation; 6. Category selection must persist across sessions",PROD-9,PROD-10,PROD-13
PROD-9,As a shopper, I want to filter products by price range so I can stay within budget,Add price range slider and min/max input fields for filtering.,User Story,PROD-2,Product Catalog Redesign,FEAT-5,Product Filtering,,To Do,,Medium,"catalog,filtering,frontend",sarah.johnson@company.com,Sprint 4,8,5,0,2026-02-05,2026-02-06,2026-02-25,,,,,"1. Price range slider with min/max values; 2. Input fields for exact min/max prices; 3. Real-time product count update as range changes; 4. Filter persists across page navigation; 5. Mobile-friendly price filter interface; 6. Price filter must work with category filter",PROD-8,PROD-10,PROD-13
PROD-10,As a shopper, I want to search for products so I can find specific items,Implement full-text search with autocomplete and suggestions.,User Story,PROD-2,Product Catalog Redesign,FEAT-6,Product Search,,To Do,,Medium,"catalog,search,frontend",mike.wilson@company.com,Sprint 4,5,4,0,2026-02-05,2026-02-06,2026-02-22,,,,,"1. Search bar with autocomplete dropdown; 2. Search results page with relevance sorting; 3. Search suggestions based on popular queries; 4. Search within categories option; 5. Handle typos with fuzzy matching; 6. Search must be case-insensitive",PROD-8,PROD-9
PROD-11,As a user, I want to view my order history so I can track my purchases,Display user's past orders with status, date, and total amount.,User Story,PROD-2,Product Catalog Redesign,FEAT-7,Order History,,Backlog,,Low,"orders,frontend,ui",sarah.johnson@company.com,,3,2,0,2026-02-10,2026-02-10,2026-03-01,,,,,"1. Order history page accessible from user profile; 2. List of orders with date, status, total; 3. Click to view order details; 4. Filter by date range; 5. Export order history as PDF; 6. Order status must update in real-time",
PROD-12,As a user, I want to add items to a wishlist so I can save items for later,Implement wishlist functionality for saving products.,User Story,PROD-2,Product Catalog Redesign,FEAT-8,Wishlist,,Backlog,,Low,"wishlist,frontend,ui",jane.smith@company.com,,5,3,0,2026-02-10,2026-02-10,2026-03-05,,,,,"1. Wishlist button on product detail page; 2. Wishlist page showing saved items; 3. Add/remove items from wishlist; 4. Move wishlist items to cart; 5. Share wishlist via email; 6. Wishlist must sync across devices",PROD-8
PROD-13,As a shopper, I want to sort products by price, rating, and popularity,Add sorting options to product listing pages.,User Story,PROD-2,Product Catalog Redesign,FEAT-5,Product Filtering,,To Do,,Medium,"catalog,sorting,frontend",mike.wilson@company.com,Sprint 5,3,2,0,2026-02-15,2026-02-15,2026-02-28,,,,,"1. Dropdown with sorting options; 2. URL updates to reflect sort order; 3. Sort persists across navigation; 4. Default sort is Best Match; 5. Sorting must work with filters; 6. Sort order must be remembered per user",PROD-8,PROD-9
PROD-14,As a user, I want to integrate with Stripe payment gateway,Implement Stripe payment processing with webhooks for event handling.,User Story,PROD-3,Payment Gateway Integration,FEAT-9,Stripe Integration,,To Do,,High,"payment,stripe,backend,integration",sarah.johnson@company.com,Sprint 4,8,10,0,2026-03-01,2026-03-02,2026-03-15,,,,,"1. Stripe API integration for credit card payments; 2. Payment form with card details input; 3. Webhook handlers for payment events; 4. Transaction logging and error handling; 5. PCI compliance implementation; 6. Stripe must support 3D Secure authentication",PROD-15,PROD-16
PROD-15,As a user, I want to integrate with PayPal payment gateway,Implement PayPal payment processing with IPN for notifications.,User Story,PROD-3,Payment Gateway Integration,FEAT-10,PayPal Integration,,To Do,,High,"payment,paypal,backend,integration",sarah.johnson@company.com,Sprint 4,5,6,0,2026-03-01,2026-03-03,2026-03-20,,,,,"1. PayPal API integration; 2. Redirect to PayPal for payment authorization; 3. IPN handler; 4. Transaction status updates; 5. Refund processing capability; 6. PayPal must support recurring payments",PROD-14,PROD-16
PROD-16,As a user, I want to save multiple payment methods for future use,Allow users to store and manage multiple payment methods.,User Story,PROD-3,Payment Gateway Integration,FEAT-11,Payment Methods,,To Do,,Medium,"payment,frontend,backend",john.doe@company.com,Sprint 5,5,4,0,2026-03-05,2026-03-06,2026-03-25